ncm,descricao_ncm,capitulo,descricao_capitulo
31052000,Adubos com nitrogenio fosforo e potassio (NPK),31,Adubos (fertilizantes)
31054000,Diidrogeno-ortofosfato de amonio (MAP),31,Adubos (fertilizantes)
31031900,Outros superfosfatos,31,Adubos (fertilizantes)
31042010,Cloreto de potassio,31,Adubos (fertilizantes)
38089329,Herbicidas,38,Produtos diversos das industrias quimicas
38086290,Inseticidas,38,Produtos diversos das industrias quimicas
38089299,Fungicidas,38,Produtos diversos das industrias quimicas
12011000,Soja para semeadura,12,Sementes e frutos oleaginosos
10063021,Arroz semibranqueado ou branqueado,10,Cereais
07133399,Feijao comum,07,Produtos horticolas
15079011,Oleo de soja refinado,15,Gorduras e oleos
17019900,Outros acucares de cana,17,Acucares e produtos de confeitaria
09012100,Cafe torrado nao descafeinado,09,Cafe cha mate e especiarias
22021000,Aguas e refrigerantes adicionados de acucar,22,Bebidas
22030000,Cervejas de malte,22,Bebidas
22011000,Aguas minerais,22,Bebidas
85183000,Fones de ouvido,85,Maquinas e aparelhos eletricos
85444200,Condutores eletricos com conectores,85,Maquinas e aparelhos eletricos
85171300,Telefones inteligentes (smartphones),85,Maquinas e aparelhos eletricos
84713012,Maquinas portateis de processamento de dados,84,Maquinas e aparelhos mecanicos
73239300,Artigos de uso domestico de aco inoxidavel,73,Obras de ferro ou aco
73239900,Outros artigos de uso domestico de ferro ou aco,73,Obras de ferro ou aco
