cod_municipio,nome_municipio,sigla_uf
5208707,Goiania,GO
5201405,Aparecida de Goiania,GO
5201108,Anapolis,GO
5218805,Rio Verde,GO
5205109,Catalao,GO
5211909,Jatai,GO
5211503,Itumbiara,GO
5209101,Goiatuba,GO
5212501,Luziania,GO
5208004,Formosa,GO
5204508,Caldas Novas,GO
5213103,Mineiros,GO
5206206,Cristalina,GO
5213806,Morrinhos,GO
5220454,Senador Canedo,GO
5221403,Trindade,GO
5209705,Hidrolandia,GO
3550308,Sao Paulo,SP
3509502,Campinas,SP
3543402,Ribeirao Preto,SP
3106200,Belo Horizonte,MG
3170206,Uberlandia,MG
3170107,Uberaba,MG
5103403,Cuiaba,MT
5107602,Rondonopolis,MT
5002704,Campo Grande,MS
5300108,Brasilia,DF
2927408,Salvador,BA
2919553,Luis Eduardo Magalhaes,BA
4106902,Curitiba,PR
1721000,Palmas,TO
